"","from","to","pvalue","cor","weight","color"
"2","B cells memory","B cells naive",1.26784426497616e-30,-0.25373410048578,29.8969340895263,"#C6DBEF"
"3","Plasma cells","B cells naive",3.84966856049845e-12,0.15475061544013,11.4145766597234,"#FB9A99"
"12","NK cells activated","B cells naive",7.46537560941752e-13,-0.159769158205476,12.1269483364998,"#C6DBEF"
"14","Macrophages M0","B cells naive",1.17391196979175e-08,-0.127380435879918,7.93036446907401,"#C6DBEF"
"16","Macrophages M2","B cells naive",4.4554402134681e-05,-0.0913594844680684,4.35110937965517,"#C6DBEF"
"17","Dendritic cells resting","B cells naive",8.90201145764778e-07,-0.109874520864739,6.05051185107911,"#C6DBEF"
"22","Neutrophils","B cells naive",1.93490062609689e-12,-0.156875175854358,11.7133413348549,"#C6DBEF"
"26","Plasma cells","B cells memory",1.24890849579139e-10,-0.143520113559538,9.90346938006353,"#C6DBEF"
"30","T cells CD4 memory activated","B cells memory",2.25689761323298e-11,-0.149148405038534,10.6464881427461,"#C6DBEF"
"59","Monocytes","Plasma cells",2.13626460453327e-05,-0.0950946235744549,4.6703449552149,"#C6DBEF"
"61","Macrophages M1","Plasma cells",1.22728977579238e-08,-0.127212506256409,7.91105288375267,"#C6DBEF"
"62","Macrophages M2","Plasma cells",9.62875837663361e-21,-0.207176497185092,20.0164297113118,"#C6DBEF"
"69","Fibroblasts","Plasma cells",5.94694189707666e-12,-0.153392178634126,11.2257063046321,"#C6DBEF"
"74","T cells CD4 naive","T cells CD8",1.79670876810815e-10,-0.142294993889976,9.74552231279295,"#C6DBEF"
"75","T cells CD4 memory resting","T cells CD8",1.41250350621159e-54,-0.338530944822632,53.8500104654721,"#C6DBEF"
"76","T cells CD4 memory activated","T cells CD8",1.77706819196434e-24,0.226006990507522,23.7502959065641,"#FB9A99"
"77","T cells follicular helper","T cells CD8",7.29088381237565e-13,0.159840350233342,12.1372198226323,"#FB9A99"
"80","NK cells resting","T cells CD8",3.61303250362702e-18,-0.193047465720081,17.4421281314067,"#C6DBEF"
"81","NK cells activated","T cells CD8",7.75603071792156e-08,0.120048475302099,7.11036047955757,"#FB9A99"
"83","Macrophages M0","T cells CD8",9.0173628479289e-17,-0.184901653838735,16.0449204544813,"#C6DBEF"
"84","Macrophages M1","T cells CD8",7.63626479310465e-22,0.212914072566978,21.1171190205363,"#FB9A99"
"87","Dendritic cells activated","T cells CD8",1.7276735370086e-08,-0.125913734580407,7.76253831884232,"#C6DBEF"
"88","Mast cells resting","T cells CD8",9.92308312291509e-06,0.0988508532785927,5.00335337066487,"#FB9A99"
"89","Mast cells activated","T cells CD8",1.14498328007896e-31,-0.258117366115933,30.9412008551778,"#C6DBEF"
"91","Neutrophils","T cells CD8",3.77568750649879e-08,-0.12289418022905,7.4230039571227,"#C6DBEF"
"98","T cells CD4 memory resting","T cells CD4 naive",2.57973498106365e-05,-0.0941492376171469,4.58842490728229,"#C6DBEF"
"102","T cells gamma delta","T cells CD4 naive",6.61099774122129e-13,0.16013466833699,12.1797329912243,"#FB9A99"
"103","NK cells resting","T cells CD4 naive",7.64903236943782e-13,0.15969596867135,12.1163935012115,"#FB9A99"
"104","NK cells activated","T cells CD4 naive",1.57345872812196e-15,-0.177334007454508,14.803144644161,"#C6DBEF"
"105","Monocytes","T cells CD4 naive",3.06293082618098e-07,0.11442949834673,6.5138628112728,"#FB9A99"
"114","Neutrophils","T cells CD4 naive",7.89173339776257e-06,-0.099947266837947,5.10282759471182,"#C6DBEF"
"122","T cells CD4 memory activated","T cells CD4 memory resting",9.12464887594936e-40,-0.289583283626234,39.0397838385615,"#C6DBEF"
"123","T cells follicular helper","T cells CD4 memory resting",1.8886823786365e-49,-0.32260669737326,48.7238410716196,"#C6DBEF"
"124","T cells regulatory Tregs","T cells CD4 memory resting",1.63225806271599e-17,-0.18927499578383,16.7872111774734,"#C6DBEF"
"125","T cells gamma delta","T cells CD4 memory resting",4.96667107221324e-07,-0.112387713465802,6.30393460107845,"#C6DBEF"
"127","NK cells activated","T cells CD4 memory resting",3.63320919338824e-09,-0.131733803973808,8.43970959555359,"#C6DBEF"
"128","Monocytes","T cells CD4 memory resting",1.97299190269209e-06,0.10635567269045,5.70487469712153,"#FB9A99"
"129","Macrophages M0","T cells CD4 memory resting",6.72512164236807e-08,-0.120617428493133,7.17229985584133,"#C6DBEF"
"130","Macrophages M1","T cells CD4 memory resting",1.53986925178741e-26,-0.235711617626426,25.8125161529544,"#C6DBEF"
"146","T cells follicular helper","T cells CD4 memory activated",7.93674643494328e-07,0.110373161343295,6.1003574944158,"#FB9A99"
"147","T cells regulatory Tregs","T cells CD4 memory activated",6.15338253152695e-09,-0.129795785685405,8.21088608569739,"#C6DBEF"
"149","NK cells resting","T cells CD4 memory activated",2.68288051252901e-06,0.104966820590032,5.57139866907419,"#FB9A99"
"153","Macrophages M1","T cells CD4 memory activated",1.33631525527386e-70,0.383073168349866,69.8740910736908,"#FB9A99"
"154","Macrophages M2","T cells CD4 memory activated",5.8782262189288e-06,-0.101340904898173,5.23075370445905,"#C6DBEF"
"158","Mast cells activated","T cells CD4 memory activated",8.702494159257e-11,-0.1447267614108,10.0603562595235,"#C6DBEF"
"161","Fibroblasts","T cells CD4 memory activated",2.5980461232927e-10,-0.141041806146254,9.58535314313455,"#C6DBEF"
"171","T cells gamma delta","T cells follicular helper",7.12285258319309e-05,0.0888998989849495,4.1473460438582,"#FB9A99"
"172","NK cells resting","T cells follicular helper",8.95778297458939e-05,-0.0876753057997302,4.04779946366851,"#C6DBEF"
"173","NK cells activated","T cells follicular helper",2.56149365967527e-08,0.124401644861154,7.59150671477162,"#FB9A99"
"176","Macrophages M1","T cells follicular helper",2.34149913456731e-21,0.210398161087024,20.6305059983998,"#FB9A99"
"177","Macrophages M2","T cells follicular helper",6.22260931813497e-15,-0.173573197248578,14.2060274650133,"#C6DBEF"
"180","Mast cells resting","T cells follicular helper",1.41178874450355e-06,-0.107848815234868,5.85023028484258,"#C6DBEF"
"184","Fibroblasts","T cells follicular helper",1.14488437177568e-14,-0.171878294998993,13.9412383729184,"#C6DBEF"
"218","NK cells resting","T cells gamma delta",1.40251447340321e-17,-0.18965805147167,16.8530926482987,"#C6DBEF"
"219","NK cells activated","T cells gamma delta",1.99576719064416e-06,-0.106304116249573,5.69989012122277,"#C6DBEF"
"220","Monocytes","T cells gamma delta",5.29620413410418e-06,-0.101829907395623,5.27603528402786,"#C6DBEF"
"221","Macrophages M0","T cells gamma delta",1.88398676609903e-18,-0.194652679451664,17.7249221521962,"#C6DBEF"
"222","Macrophages M1","T cells gamma delta",1.04840466263475e-05,0.0985859204625463,4.9794710562565,"#FB9A99"
"224","Dendritic cells resting","T cells gamma delta",4.86100841436852e-14,0.167788297616342,13.3132736271644,"#FB9A99"
"225","Dendritic cells activated","T cells gamma delta",7.23284015385958e-12,-0.152776732669175,11.1406911327273,"#C6DBEF"
"226","Mast cells resting","T cells gamma delta",6.85488234643162e-07,0.111006710330699,6.16399999481087,"#FB9A99"
"227","Mast cells activated","T cells gamma delta",2.77105924517524e-10,-0.140821597779542,9.55735418891368,"#C6DBEF"
"229","Neutrophils","T cells gamma delta",1.13316655737921e-09,-0.135922675695314,8.94570625109476,"#C6DBEF"
"242","NK cells activated","NK cells resting",8.39738714827751e-105,-0.459959133572247,104.075855823891,"#C6DBEF"
"244","Macrophages M0","NK cells resting",9.64135635241024e-07,0.109526616459499,6.01586186496326,"#FB9A99"
"249","Mast cells resting","NK cells resting",1.733724814476e-28,-0.244493601772439,27.7610198347945,"#C6DBEF"
"250","Mast cells activated","NK cells resting",6.54647611919928e-15,0.173432803021278,14.1839924120403,"#FB9A99"
"268","Macrophages M1","NK cells activated",2.26863230667988e-08,0.124869728420623,7.64423588759681,"#FB9A99"
"272","Mast cells resting","NK cells activated",9.03607779536869e-19,0.196447373363772,18.044020038713,"#FB9A99"
"273","Mast cells activated","NK cells activated",2.84876351255838e-10,-0.14072703087169,9.54534360181486,"#C6DBEF"
"290","Macrophages M0","Monocytes",5.49154325341317e-40,-0.290385268107921,39.2603055913863,"#C6DBEF"
"291","Macrophages M1","Monocytes",1.92707694731583e-09,-0.134029644640847,8.71510094381498,"#C6DBEF"
"293","Dendritic cells resting","Monocytes",7.3339529701861e-06,0.100295772026069,5.13466187932962,"#FB9A99"
"298","Neutrophils","Monocytes",8.88311718838301e-21,-0.207361583657343,20.0514346085279,"#C6DBEF"
"299","Fibroblasts","Monocytes",1.32542846764026e-10,0.143320510738541,9.87764370583915,"#FB9A99"
"315","Macrophages M2","Macrophages M0",5.26846780547865e-06,-0.101854475165763,5.27831566948895,"#C6DBEF"
"316","Dendritic cells resting","Macrophages M0",1.19467948762028e-20,-0.206680293007793,19.9227485929822,"#C6DBEF"
"318","Mast cells resting","Macrophages M0",9.56446094949119e-41,-0.293126032121391,40.01933950167,"#C6DBEF"
"321","Neutrophils","Macrophages M0",8.17420913713905e-14,0.166292942702416,13.0875542550581,"#FB9A99"
"322","Fibroblasts","Macrophages M0",1.04774159482578e-07,-0.118840047146152,6.97974581446971,"#C6DBEF"
"340","Dendritic cells activated","Macrophages M1",9.71203180147764e-37,-0.278300901395975,36.0126899041947,"#C6DBEF"
"342","Mast cells activated","Macrophages M1",6.66527093411731e-32,-0.259092186803604,31.1761821924166,"#C6DBEF"
"363","Dendritic cells activated","Macrophages M2",2.9797286344939e-10,-0.14057320009982,9.52582328555736,"#C6DBEF"
"364","Mast cells resting","Macrophages M2",2.26860494213912e-12,0.156386391068481,11.6442411261455,"#FB9A99"
"365","Mast cells activated","Macrophages M2",7.28308653813692e-16,-0.179405404709353,15.1376845296981,"#C6DBEF"
"368","Fibroblasts","Macrophages M2",5.14272006309826e-28,0.242397622452896,27.288807115259,"#FB9A99"
"386","Dendritic cells activated","Dendritic cells resting",1.20666377172127e-17,-0.190037049737649,16.9184137261149,"#C6DBEF"
"387","Mast cells resting","Dendritic cells resting",1.84791111129674e-15,0.176898492241649,14.7333189231602,"#FB9A99"
"390","Neutrophils","Dendritic cells resting",2.20813164631394e-06,-0.105848864585793,5.65597503802465,"#C6DBEF"
"410","Mast cells resting","Dendritic cells activated",6.56661470773859e-06,-0.100819074699584,5.18265846493853,"#C6DBEF"
"411","Mast cells activated","Dendritic cells activated",4.25896313287482e-09,0.131152260777434,8.37069611932008,"#FB9A99"
"413","Neutrophils","Dendritic cells activated",2.83264431308242e-09,0.132639651462444,8.54780795515254,"#FB9A99"
"434","Mast cells activated","Mast cells resting",3.19118724644664e-121,-0.490841316393638,120.496047712349,"#C6DBEF"
"436","Neutrophils","Mast cells resting",9.75350652373472e-12,-0.15183184581798,11.0108392212112,"#C6DBEF"
"437","Fibroblasts","Mast cells resting",1.47099098462676e-25,0.231154845298918,24.8323899889576,"#FB9A99"
"459","Neutrophils","Mast cells activated",5.96202008470498e-18,0.191803134495415,17.2246065652605,"#FB9A99"
