GeneSymbol,CXCL8,CXCR1,CXCR2,IL1R2,IL1R1,TLR4,TLR6,MMP8,MMP9,S100A12,S100A8,CD28,CD3D,CD8A,LCK,ZAP70,GATA3,EOMES,IL23A,UBE2E3,NEDD4L,CCDC34,GABARAPL2,PINK1,FOXO3
P001_158,2.35,0.81,10.51,0.57,0.7,17.41,5.81,0.01,0.36,74.87,395.02,12.67,43.38,26.25,39.04,36.85,3.59,6.95,1.36,25.88,2.4,0.43,153.55,65.66,165.1
P002_165,9.13,3.4,19.23,4.67,0.95,16.32,6.86,0.07,1.22,80.39,380.84,14.27,66.2,29.7,46.4,24.37,4.54,7.14,1.52,28.3,2.87,0.48,183.82,68.33,203.76
P003_200,7.85,1.67,15.84,3.36,0,5.63,2.06,0,0,101.95,158.12,9.89,18.54,16.21,32.2,47.85,10.03,2.29,2.82,18.09,1.02,0,38.41,36.44,89.74
P004_146,6.81,7.25,16.84,4.64,0.96,10.66,6.94,0.19,0.81,29.6,148.15,20.65,72.79,28.91,53.5,44.41,8.43,11.79,2.2,22.33,3.63,0.5,218.35,84.52,361.62
P005_164,1.23,2.24,11.24,1.19,0.67,13.04,5.78,0.07,0.32,49.91,305.8,13.4,42.96,17.69,40.04,36.12,5.14,5.8,0.61,28.35,3.71,0.4,150.82,116.35,261.03
P006_181,1.89,1.96,7.76,1.73,1.13,7.11,2.52,0,0.6,13.2,94.08,5.98,35.49,17.93,29.56,19.03,2.94,5.3,1.29,24.59,2.82,0.92,174.7,170.79,250.19
P007_195,2.36,1.38,9.51,1.24,1.1,3.8,2.06,0.09,0.27,22.17,91.85,9.53,59.26,33.62,53.38,31.86,8.22,5.9,1.49,36.4,3.4,1.1,314.03,91,251.23
P008_179,3.11,1.06,11.35,1.49,0.84,18.49,4.52,0.05,0.3,102.49,471.65,17.63,76.9,38.65,50.47,31.54,9.04,5.38,1.16,23.64,2.33,0.28,101.2,74.99,160.08
P009_172,2.77,2.11,9.25,1.73,0.73,15.29,4.9,0,0.31,55.59,328.23,10.43,43.42,12.22,34.86,23.96,3.28,3.26,1.36,26.24,4.03,0.52,139.48,135.97,175.34
P010_168,1.47,2.98,10.18,2.62,1.13,16.24,6.44,0.1,0.6,46.05,359.02,9.24,65.78,21.64,39.23,28.79,5.05,5.86,0.56,29.12,4.4,0.5,215.07,86.58,297.4
P011_189,2.88,1.54,13.36,1.48,0.82,19.89,5.4,0.16,0.29,114.79,500.74,9.89,57.24,22.43,40.5,34.76,3.62,3.8,1.4,26.09,2.22,0.49,130.78,76.94,222.58
P012_192,4.65,1.29,12.43,1.36,0.78,1.39,1.85,0.03,0.12,7.08,46.98,16.04,82.59,29,59.85,43.88,13.54,3.46,1.39,19.45,1.66,0.91,73.25,22.08,107.59
P013_129,1.18,1.68,12.84,1.57,0.64,13.07,6.33,0,0.66,15.98,166.35,16.67,59.45,27.09,56.45,38.32,4.53,5.31,3.11,18.35,1.39,0.28,139.9,42.24,106.18
P014_121,1.18,2.82,7.93,1.72,0.66,8.05,4.53,0.2,0.27,49.55,168.13,15.47,47.04,20.41,32.17,25.04,3.73,4.56,2.34,34.22,6.26,0.56,256.65,146.99,258.57
P015_163,2.54,5.38,19.77,1.85,1.1,11.17,4.06,0.18,0.75,53.05,287.81,8.33,63.18,19.93,48.23,43.86,3.5,12.62,0.88,32.54,3.85,0.61,160.63,122.78,171.07
P016_143,0,1.55,10.26,0.62,0.56,8.25,4.45,0,0.07,42.32,146.66,13.56,41.02,13.56,39.06,33.02,3.72,8.51,2.42,39.59,6.1,0.99,415.08,111.32,481.84
P017_166,1.51,0.88,8.1,0.87,1.17,7.66,3.65,0.02,0.17,53.8,240.56,13.66,48.31,26.99,41.19,30.97,4.39,3.14,1.11,24.62,3.47,0.63,143.3,101.64,280.77
P018_065,1.45,1.53,13.83,1.39,1.05,8.67,3.72,0.04,0.13,31.35,191.32,13.32,45.57,14.98,34.18,26.25,5.95,1.96,0.64,22.27,4.02,0.43,148.36,70.67,250.61
P019_095,57.06,19.91,36.03,24.12,2.94,11.02,11.11,0.27,2.87,23.6,242.75,22.2,93.56,46.31,76.22,45.19,5.44,5.8,2.32,25.26,2.42,0.58,134.94,70.35,146.85
P020_072,5.53,2.4,7.08,4.44,1.23,5.82,2.89,0.21,0.55,9.39,66.48,16.07,101.34,81.65,70.81,42.8,8.76,12.88,0.96,30.71,4.3,0.57,278.97,102.5,427.21
P021_193,3.1,1.25,5.16,0.8,0.84,2.72,1.24,0,0.16,22.55,95.06,9.61,45.41,24.65,36.34,23.21,5.16,2.24,1.44,27.05,2.79,0.67,227.52,132.39,180.28
P023_175,0.2,2.53,13.63,1.3,0.69,9.92,4.47,0.05,0.57,27.86,200.31,15.43,47.2,27.52,51.17,33.57,2.78,6.81,1.38,36.47,3.62,0,280.61,111.77,443.82
P024_173,3.98,2.19,11.71,1.34,0.54,11.36,3.59,0,0.24,33.34,235.2,8.5,36.37,11.6,24.54,16.41,2.14,2.45,0.88,26.55,3.41,0.35,161.13,118.37,181.68
P025_041,12.67,48.66,70.49,665.76,57.51,44.7,32.41,1.42,9.85,64.31,518.29,2.21,16.66,29.13,21.46,10.41,0.9,1.52,0,22.76,4.63,0.4,69.3,75.08,141.66
P026_169,9.97,7.08,14.86,3.31,0.49,13,5.86,0.12,0.22,61.09,289.03,16.26,81.84,29.8,67.83,69.51,6.31,9.79,2.63,26.28,2.18,0.26,118.81,44.5,113.99
P027_148,0.81,1.5,8.13,0.52,0.52,3.63,4.09,0.14,0.04,9.02,62.36,14.85,51.06,30.4,39.79,35.58,5.74,9.26,1.96,29.71,3.71,0.68,427.31,138.84,642.86
P028_004,4.96,1.1,4.94,0.38,0.84,7.6,2.64,0.01,0.1,25.18,102.17,12.7,55.45,63.08,50.51,29.92,5.02,6.93,0.86,38.74,7.17,0.94,323.71,179.49,548.26
P029_099,2.42,2.32,7.24,3.31,1.16,8.64,4.46,0.07,0.76,21.3,146.08,7.27,35.04,16.83,23.8,18.74,2.34,3.13,0.6,26.82,5.64,0.71,228.98,194.63,345.62
P030_141,1.74,0.95,16.24,2.13,0.34,8.7,3.1,0.28,0.11,25.51,174.55,19.63,65.2,37.61,41.89,41.18,6.07,7.78,0.55,27.48,2.58,0.09,198.35,53.59,203.36
P031_151,1.45,0.84,12.03,0.8,0.46,9.06,3.82,0.09,0.28,32.4,230.2,14.36,47.2,18.33,42.47,29.49,3.77,3.79,1.08,31.77,3.18,0.2,293.61,105.64,354.12
P032_170,1.01,1.83,10.67,1.84,0.83,10.11,3.95,0.04,0.28,49.84,250.62,9.14,35.88,18.37,31.37,42.44,4.96,4,1,20.85,2.94,0.74,102.08,74.43,121.29
P033_150,2.77,4.92,16.85,5.04,1.13,13.14,8.26,0,0.33,44.11,239,17.9,68.58,48.03,51.59,37.53,3.62,12.62,2.38,32.34,3.53,0.48,280.34,80.14,418.04
P034_178,1.92,1.23,20.69,1.1,0.42,4.8,2.25,0.27,0.22,30.52,186.29,4.6,23.84,15.01,15.38,17.7,1.68,2.7,0.36,38.62,5.49,0.24,272.25,163.71,291.09
P035_162,9.17,5.57,18.68,11.49,1.32,31.4,6.44,0.07,0.13,391.55,1766.42,8.32,24.96,12.57,25.27,18.78,3.02,1.28,0,36.78,3.54,0.46,294.24,96.23,318.18
P036_194,5.09,1.46,6.44,0.47,0.68,1.96,2.01,0.06,0.17,10.3,104.6,16.64,106.75,57.99,67.06,30.86,13.54,6.59,1.7,22.45,2.69,0.26,127.6,58.33,153.37
P037_161,1.39,1.08,13.86,0.33,0.68,12.58,4.39,0.06,0.04,39.46,244.68,13.81,35.87,11.5,30.37,30.03,5.58,2.09,0.73,26.73,3.05,0.31,236.26,104.7,320.16
P038_185,1.15,1.47,10.7,1.77,0.48,16.9,5.73,0.08,0.07,58.03,260.59,6.78,39.49,36.34,30.39,32.84,2.32,7.35,0.39,22.02,2.55,0.95,194.19,83.1,304.64
P039_140,0.52,1.06,11.14,0.24,0.77,7.55,3.43,0.15,0.24,34.26,154.43,16.8,66.29,30.64,40.6,33.02,7.06,8.23,0.78,23.11,3.29,0.28,215.93,82.6,214.43
P040_145,0.72,2.56,13.66,1.23,0.37,8.88,4.26,0.13,0.03,17.41,119.57,19.48,71.56,33.83,57.96,41.93,6.11,9.85,1.84,21.48,3.19,1.43,213.32,58.54,197.76
P041_104,2.25,1.7,17.21,1.18,0.84,10.18,7.71,0.04,0.03,9.97,85.36,31.6,38.43,24.79,44.44,45.24,9.9,7.71,1.05,21.12,0.62,0.09,59.31,13.26,68.37
P042_167,1.61,2.19,11.69,2.27,0.57,20.45,4.67,0.08,0.49,61.04,430.51,8.96,45.43,32.17,43.53,30.76,4.54,6.98,1.38,33.58,3.3,0.73,159.03,84.39,271.37
P043_183,1.59,0.27,21.86,0.75,0.98,10.27,2.84,0.2,0.47,59.96,250.3,13.8,34.2,12.41,30.93,29.05,6.81,3.27,0.72,29.6,1.64,0.2,249.88,77.26,228.9
P044_182,2.44,0.97,7.22,0.62,0.75,8.8,3.3,0,0.12,52.61,212.02,13.44,40.77,19.24,33.53,24.92,4.65,2.81,2.11,25.34,2.31,1.08,225.35,124.19,269.09
P045_171,0.61,1.89,10.73,1.3,0.39,7.56,2.47,0.03,0.35,46.21,264.64,10.51,44.16,18.57,34.95,25.23,3.89,4.45,0.8,21.98,3.04,0.34,155.89,112.68,154.27
P046_187,2.61,0.62,19.29,0.95,0.65,8.83,3.46,0.18,0.4,64.47,286.72,8.91,43.57,15.06,27.78,19.72,2.63,1.82,0.67,27.24,3.14,0.75,235.56,50.64,303.44
P047_142,0.43,0.85,23.27,1.23,0.55,15.4,5.33,0.17,0.18,32.64,211.71,7.09,23.72,24.65,25.88,24.01,2.55,6.23,0.63,27.36,2.64,0.51,148.6,123.54,192.72
P048_103,7.77,10.03,34.25,9.35,1.27,23.24,11.47,0.82,1.63,61.51,279.17,18.33,30.87,32.19,45.5,65.06,5.38,12.21,1.16,26.27,2.09,0.25,129.49,56.11,143.27
P049_006,2.59,1.71,6.16,2.7,0.64,11.68,4.8,0,1.22,66.22,203.87,9.65,49.57,36.04,54.26,27.47,4.35,3.99,0.26,39.94,6.88,0.26,271.56,163.2,249.95
P050_069,5.82,10.64,21.41,203.44,9.52,11.63,5.96,3.58,5.33,18.42,91.13,1.51,11.39,17.01,12.19,9.71,0.74,3.09,0.03,25.38,12.05,0.32,452.73,263.39,781.38
P051_160,1.1,2.53,18.53,4.17,1.19,26.47,8.91,0.11,0.99,64.18,401.6,10.9,19.95,12,25.51,39.98,3.55,3.07,1.65,30.62,1.34,0.03,99.83,46.08,127.39
P053_054,2.76,2.54,5.47,2.43,1.22,5.01,3.3,0.08,0.75,13.1,82.6,11.22,74,43.25,43.27,30.38,3.57,7.18,1.01,26.68,4.08,0.69,275.66,178.52,245.58
P054_184,0.8,1.98,10.3,2.56,0.79,15.67,4.75,0,0.37,58.62,318.8,9.09,46.96,19.4,37.09,30.48,3.51,4.84,1.39,37.17,3.96,0.07,257.63,125.01,329.14
P055_174,4.33,2.73,11.5,1.56,0.71,7.5,4.1,0.02,1.54,35.66,168.06,18.95,66.51,36.84,55.29,41,6.17,6.92,1.67,33.6,3.39,0.7,223.26,108.9,248.51
P056_176,1.3,0.89,9.87,0.85,0.52,7.4,3.74,0.23,0.45,36.24,247.31,14.92,72.58,34.37,48.12,28.82,4.77,4.98,1.14,24.49,3.43,0.12,212.29,105.73,226.12
P057_188,2.48,2.16,16.28,0.6,1.16,5.57,4.56,0.13,0.02,10.69,69.97,23.38,70.98,37.18,69.5,64.54,8.61,12.56,3.32,20.89,1.52,0.31,104.83,28.18,128.34
P058_191,8.21,0.73,3.29,0.79,0.53,2.56,1.23,0,0.18,13.94,98.98,5.53,62.71,28.62,44.84,24.74,6.39,2.84,1.28,29.29,4.29,0.49,294.19,133.09,396.44
P059_180,3.32,2.81,9.74,2.56,0.47,8.8,2.04,0.12,0.8,39,258.09,11.81,49.48,15.91,46.12,28.65,4.28,4.46,0.6,30.88,3.93,0.24,227.84,111.49,266.67
P060_147,1.38,1.07,17.1,0.96,0.51,15.67,7.1,0.4,0.43,60.51,258.15,13.38,41.02,18.73,33.25,33.62,6.13,4.24,1.64,18.8,1.97,0.32,68.77,41.4,134.25
P061_149,1.97,2.23,11.25,1.73,0.76,15.54,6.87,0.03,0.68,76.27,422.55,19.41,52.98,27.89,57.09,40.47,6.61,5.17,2.25,19.31,1.03,0.44,54.92,15.76,225.99
P062_068,4.64,2.76,6.15,2.36,0.81,8.02,3.45,0.08,0.1,24.52,114.73,8.43,38.1,21.95,34.34,18.43,2.26,4.63,1.02,24.89,6.21,0.39,231.48,133.25,263.36
P063_154,0.09,2.6,14.77,0.78,0.44,9.26,5.3,0.09,0.15,34.79,141.56,22.08,96.6,64.26,68.47,56.14,6.5,16.97,1.64,22.76,2.98,0.24,168.1,70.68,277.28
P064_048,0.99,1.98,6.65,1.13,0.77,6.55,3.35,0.13,0.61,32.79,164.6,20.66,97.08,55.54,67.03,41.57,4.86,7.31,2.57,24.21,2.66,0.72,136.11,104.18,180.02
P065_190,3.73,1.88,13.32,0.26,0.3,13.13,4.1,0.01,0.04,56.87,319.74,12.29,32.66,19.27,57.36,72.29,8.41,7.04,3.11,27.69,0.8,0.44,80.03,27.75,88.31
P066_153,0.33,0.8,12.13,0.27,0.67,4.25,2.41,0,0.13,12.63,66.96,12.49,52.93,21.97,39.44,27.5,4.39,5.47,0.74,37.96,4.56,0.19,432.94,150.14,593.26
P067_067,1.45,1.2,11.45,1.44,1.58,8.18,4.13,0,0.13,24.92,159.41,17.27,62.84,27.23,46.03,37.79,7.32,6.5,0.67,23.61,2.8,0.91,199.32,87.24,207.34
P068_186,0.35,0.69,10.48,0.83,0.6,7.69,1.58,0.04,0.03,20.47,121.08,12.52,54.04,38.66,41.8,21.92,3.48,8.4,1.26,27.88,5.44,0.28,279.22,187.08,380.8
P069_177,2.04,1.45,16.97,0.16,1.32,10.28,4.23,0,0.45,35.87,176.28,19.26,70.6,24.45,52.97,41.33,8.33,4.16,0.68,25.53,2.68,0.88,146.12,54.82,151.98
P070_102,0.67,0.69,2.29,0.42,0.82,2.77,3.11,0,0,12.79,51.22,11.88,47,13.92,26.02,14.25,1.99,3.15,0.77,27.86,7.31,0.25,253.82,165.7,288.32
P071_202,0.71,1.27,2.48,0.73,0.43,2.36,1.78,0,0.41,14.32,82.45,6.52,57.1,30.26,31.55,13.7,2.45,6.68,0.85,32.79,5.03,0.55,297.89,186.81,265.91
P072_007,4.81,3.6,6.44,18.71,2.61,6.96,3.4,2.55,1.71,83.33,273.09,6.74,11.05,10.08,28.38,15.01,1.31,0.93,0.03,38.6,12.42,0.11,462.22,107.24,549.72
P073_029,11.42,12.61,44.57,89.76,9.79,42.99,19.81,3.63,11,236.39,737.2,3.33,14.3,9.84,15.61,16.86,2.28,2.48,0.62,64.44,6.06,0.02,301.13,131.76,221.75
P074_075,2.66,3.3,14.62,23.56,3.29,14.2,4.49,5.59,28.23,139.31,792.45,3.54,8.32,2.94,6.29,7.15,0.84,0.23,0.43,50.03,11.13,0.23,362.35,173.13,420.06
P075_053,2.2,15.85,25.48,200.75,5.98,18.76,6.21,1.18,10.97,56.81,364.3,1.15,7.07,7.09,4.95,2.85,0.49,0.63,0.11,75.76,11.46,0.83,384.7,235.85,170.65
P076_025,263.52,5.08,8.91,227.14,7.2,11.25,10.55,1.48,29.42,163.64,206.3,2.26,2.68,0.13,2.41,4.21,0.79,0,0,55.34,17.7,0.12,117.55,115.67,551.86
P077_107,0.93,1.95,6.45,4.61,1.13,1.7,2.84,0.58,1.22,14.58,81.07,1.29,2.16,2.41,3.8,3.2,0.46,0.64,0,49.5,16.51,1.15,396.74,265.02,1136.93
P078_030,1,2.74,4.29,65.04,2.1,5.39,3.43,2.36,8.22,47.49,154.16,2.04,2.88,4.78,7.67,7.77,1.83,1.14,0,52.19,30.52,0.91,443.91,443.72,644.54
P080_027,107.26,14.9,39.75,151.75,13.85,27.47,18.58,3.86,15.59,240.19,726.34,1.45,2.39,0.97,4.7,2.59,0.25,0.08,0,50.54,12.97,0.02,617,326.67,617.41
P081_139,2.65,2.15,7.2,15.36,1.81,2.24,2.22,0.27,2.65,14.1,119.6,1.24,10.8,8.74,9.28,5.43,0.97,1.4,0.11,51.29,9.78,0.62,408.82,343.9,466.73
P082_071,16.08,9.71,14,206.59,9.49,25.52,11.21,5.49,98.34,168.01,673.74,2.13,7.69,1.79,6.04,4.43,1.25,0.27,0.36,54.92,14.55,1.27,334.38,112.71,636.56
P083_083,0.66,0.11,2.78,0.05,0.38,19.79,5.94,0,1.82,8.47,138.51,0.54,0.58,1.07,2.04,2.85,1.52,0.33,0.99,22.8,0.67,0.64,11.56,6.41,18.43
P084_052,2.24,3.1,6.73,5.44,2.45,7.19,4.1,0.12,1.98,25.39,161.31,6.59,37.6,9.63,30.48,23.25,1.82,2.33,1.38,30.22,4.96,0.46,244.74,172.47,248.63
P085_213,6.68,28.97,55.18,73.39,15.1,47.96,30.94,0.5,5.15,384.37,1214.69,7.01,19.93,32.35,26.93,49.15,3.41,5.98,0.26,18.95,1.12,0.05,58.46,15.78,83.22
P086_136,3.38,1.92,13.31,3.52,1.23,55.27,14.86,3.19,3.79,357.21,1179.35,2.82,7.19,2.29,8.66,8.39,0.41,1.43,0.37,16.68,1.72,0,68.67,67.66,174.23
P087_214,72.75,1.76,22.99,10.97,3.71,16.32,7.56,0.94,5.57,313.35,1445.6,6.16,29.13,36.35,24.67,35.65,9.46,1.1,2.61,49.52,1.81,0,76.78,27.9,85.06
P090_125,2.82,2.22,5.28,1.84,1.92,3.04,2.37,0.38,0.88,6.08,59.11,6.56,24.26,13.37,18.6,12.87,1.4,3.97,1.05,21,7.33,0.68,519.35,205.24,349.63
P093_039,4.29,1.38,8.75,1.76,1.06,5.76,3.73,0.04,0.35,21.47,172.6,15.27,70.07,26.41,53.77,39.52,3.11,4.17,0.97,25.58,3.03,0.83,188.59,105.8,198.6
P095_092,30.84,13.75,19.69,14.28,2.37,14.63,7.71,0.37,2.27,64.48,385.38,7.88,26.9,17.05,24.27,17.67,1.63,3.18,0.73,29.16,5.31,0.23,252.94,139.88,411.01
P096_040,9.3,5.96,9.96,5.71,1.1,10.94,5.39,0.3,0.95,52.17,374.06,13.85,78.65,38.95,53.02,39.62,3.34,5.02,1.19,29.38,3.21,0.63,151.89,93.54,149.04
P097_063,8.75,2.16,36.75,4.87,1.61,27.74,8.74,0.03,0.39,125.8,444.43,12.99,25.46,18.47,33.01,44.08,3.48,1.75,1.03,34.61,0.89,0,69.95,12.66,54.75
P098_108,4.05,5.29,9.87,4.46,0.91,4.23,3.82,0.1,0.4,15.5,76.15,16.05,53.86,19.22,38.17,23.73,5.01,5.64,0.98,28.45,7.85,0.73,311.09,126.97,591.08
P100_093,1.44,1.66,4.74,0.96,1.42,2.52,1.98,0.12,0.32,7.06,59.07,13.41,70.22,28.8,46.75,18.84,3.41,4.24,1.4,33.62,4.71,0.55,247.15,144.11,283.25
P101_082,2.34,3.05,9.15,4.55,0.88,6.53,3.17,0.14,0.68,11.53,114.16,8.95,45.51,16.85,28.49,18.65,2.17,2.37,0.49,26.68,5.6,0.28,265.78,150.33,391.16
P102_087,0.82,1.32,2.8,0.1,1.11,2.41,1.72,0.08,0,9.22,66.21,14.64,65.28,22.71,45.87,24.87,3.5,2.27,1.01,38.2,7.19,0.3,238.87,170.02,380.16
P103_080,0.55,1.58,6.28,0.88,0.37,10,3.6,0.3,0.53,11.59,104.43,15.79,44.09,25.62,38.02,28.28,3.96,5.82,1.52,30.02,4.42,0.33,292.38,143.7,299.1
P104_055,7.35,4.4,10.67,3.32,0.86,6.69,3.71,0.18,1.73,14.69,78.83,25.18,98.64,57.25,68.59,50.64,7.39,8.37,1.91,32.57,3.43,0.58,153.6,83.93,206.15
P105_047,16.26,7.06,13.26,5.03,1.2,18.02,7.47,0.07,2.55,111.19,580.24,14.84,84.38,26.96,55.82,30.34,3.25,6.57,1.12,27.39,4.46,1.28,152.19,121.77,175.33
P107_204,2.69,0.96,3.6,0.83,1.07,5.01,2.33,0,0.14,15.38,142,7.76,32.6,17.93,22.25,14.31,1.25,5.77,0.97,26.96,4.66,0.78,420.04,176.67,380.4
P108_120,1.77,1.77,4.76,1.41,1.62,3.23,2.76,0.33,0.53,8.45,71.82,11.41,49.38,18.94,29.04,18.83,2.37,4.74,0.98,30.08,6.52,0.52,321.94,182.37,273.51
P109_034,1.51,1.13,10,0.64,0.94,13.87,5.61,0.01,0.47,49.05,140.77,13.22,39.92,44.38,48.88,39.96,5.54,6.07,2.03,31.92,6.66,0.82,177.5,194.15,281.76
P111_035,1.75,1.17,11.55,5.05,1.43,22.14,7.5,0,0.89,57.87,216.88,24.05,62.26,34.56,64.96,49.47,4.31,8.1,1.31,24.12,2.09,0.95,98.65,52.27,153.89
P112_113,15.2,2.19,9.88,1.94,0.89,9.38,5.94,0.52,0.72,16.62,143.76,7.65,23.23,13.01,22.43,22,1.47,3.59,0.8,40.39,5.4,1.2,279.3,189.79,275.21
P113_199,14.57,3.8,17.77,3.37,1.01,13.59,4.76,0.15,1.85,113.26,487.34,5.68,42.09,23.67,31.15,13.68,3.78,3.37,0.96,29.19,3.32,0.83,165.03,95.72,174.17
P115_024,43.23,47.96,107.04,44.12,4.97,31.3,21.43,0.03,3.82,43.15,128.41,18.04,74.03,63.17,87.33,67.49,6.47,11.82,2.53,28.91,1.72,0.18,140.8,66.27,157.64
P116_022,9.83,7.45,11.36,11.43,1.22,11.11,7.27,0.04,0.91,20.76,95.66,14.03,48.23,30.53,46.07,29.64,4.09,7.42,1.87,36.63,4.83,0.48,273.33,182.32,332.82
P117_026,11.01,3.93,14.53,20.97,2.89,27.83,14.99,1.12,1.72,115.39,447.62,14.8,34.81,26.31,42.31,41.62,2.75,3.9,2.32,35.18,4.06,0.07,205.03,114.38,280.12
P118_138,1.66,1.28,14.88,1.27,0.65,12.13,4.67,0.27,0.53,41.01,188.45,7.18,19,12.76,18.23,15.74,1.94,4.57,0.61,33.52,5.82,0.56,449.82,229.17,873.84
P119_036,3.5,1.02,6.96,1.36,0.82,12.89,4.45,0.4,0.42,60.2,329.5,19.21,70.5,31.07,48.63,36.84,5.93,3.57,1.97,24.41,3.22,0.21,137.89,109.44,171.57
P120_023,6.06,4.53,11.17,5.3,2.38,8.89,4.97,0,1.55,20.79,88.44,13.79,59.5,37.38,47.43,25.71,4.95,7.2,1.63,23.56,4.17,0.44,197.54,163.9,237.05
P121_014,14.27,9.41,22.67,16.98,2.8,39.71,14.88,0.29,1.01,71.35,406.39,18.48,70.27,65.28,69.99,52.3,5.7,8.91,0.83,16.79,2.61,0.52,67.16,47.45,104.01
P122_216,1301.55,88.75,342.37,84.01,6.98,45.38,17.64,0.31,14.34,160.13,916.53,7.46,32.78,18.55,28.16,29.78,4.34,3.68,0.43,26.72,1.94,0.49,102.61,93.46,176.44
P123_217,851.13,103.38,404.38,232.95,12.88,85.3,28.14,1.59,19.49,380.03,1872.04,6.39,38.05,13.57,36.01,39.89,2.72,3.79,0.48,23.92,1.62,0.17,73.28,52.88,118.92
P124_218,1619.78,94.41,312.02,72.31,5.84,49.41,15.91,4.13,11.37,189.82,1097.9,7.28,34.01,24.24,38.43,46.55,3.48,4.78,1.52,27.12,1.23,0.27,76.19,42.9,104.53
P125_219,2015.55,58.62,220.83,56.61,5.17,40.14,12.14,0.41,8.15,98.68,585.3,8.9,48.59,31.41,43.73,48.53,7.01,5.16,1.93,28.19,1.93,0.16,78.48,46,91.59
P126_220,1674.53,54.16,252.95,86.23,4.09,30.61,11.01,0.49,5.77,95.12,692.94,9.53,55.43,26.04,40,40.44,5.79,3.77,1.59,23.2,1.4,0.75,67.04,64.37,94.97
P127_221,1328.86,75.3,398.08,84.39,17.84,72.78,22.73,3.34,19.98,287.03,1488.37,5.47,27.22,11.4,21.64,20.52,2.36,1.6,1.04,30.2,2.57,0.89,156.1,79.32,144.08
P129_223,842.47,54.72,255.84,23.9,5.97,26.37,15.35,0.82,5.27,149.92,565.81,4.84,26.93,23.71,21.8,22.18,3,4.88,1.11,31.94,5.36,0.35,205.09,99.54,155.44
P130_224,1275.03,49.86,211.84,41.78,4.21,28.09,8.95,3.64,8.39,140.97,799.71,6.37,34.89,23.6,29.84,37.8,4.23,2.55,1.09,23.18,3.66,0.23,133.89,79.83,127.15
P131_225,1406.01,58.12,297.03,50.4,5.48,37.49,19.46,0.84,9.61,193.37,1032.09,8.99,36.24,15.93,31.11,28.39,3.75,3.15,1.16,32.86,3.68,0.2,144.16,86.19,186.98
P134_228,2276.74,93.55,396.72,78.02,6.68,53.75,15.63,5.35,32.37,225.94,1627.06,5.21,24.83,13.16,26.53,24.81,4,3.28,0.62,22.22,2.33,0.28,103.07,73.4,119.27
P136_230,1416.18,54.95,245.26,52.66,4.74,47.78,16.21,0.19,21.76,135.16,970.59,8.06,40.6,20.32,36.99,35.25,6.49,4.62,1.47,23.79,2.25,0.76,111.37,55.84,124.44
P139_233,1572.61,67.13,292.1,83.47,6.35,48.09,14.72,3.75,19.93,179.2,1247.67,7.8,30.31,16.94,28.69,27.12,3.66,2.83,0.65,29.78,2.14,0.43,89.51,68.38,95.45
P140_234,968.63,104.44,411.97,65.43,5.94,64.38,21.41,0.41,13.79,260.37,1277.95,10.93,55.19,16.36,43.18,37.01,5.72,3.64,1.83,24.73,1.06,0.34,68.63,37.08,75.36
P141_235,1029.42,59.93,209.49,35.84,4.41,38.57,13.21,0.56,9.08,134.06,987,9.15,61.38,25.95,43.25,30.59,4.06,5.36,1.41,23.91,2.92,0.52,139.75,116.73,222.69
P143_237,2403.88,76.56,361.55,64.52,6.1,58.57,17.75,0.52,8.22,220.89,1049.81,8.91,36.61,17.59,32.43,31.01,4.47,3.35,1.04,25.79,1.85,0.38,65,82.62,95.72
P144_238,1666.05,80.6,331.16,121.98,11.17,50.42,21.19,24.19,26.48,414.93,2260.24,10.84,39.11,15.47,42.67,37.82,5.11,4.61,1.56,22.86,2.95,0.16,71.18,63.5,147.19
P145_239,1374.46,115.17,480.85,80.86,8.73,59.76,22.83,2.91,25.02,180.03,1153.13,8.76,45.4,30.22,41.01,41.05,5.29,8.34,0.75,23.59,1.9,0.2,69.78,31.08,111.55
P146_240,452.05,50.52,297.8,53.5,5.19,34.73,13.56,3.74,15.46,220.15,1079.74,5.6,27.06,22.73,23.61,18.56,3.6,3.77,0.6,22.37,2.9,0.27,140.36,122.89,145.09
P147_241,1398.06,97.32,315.18,43.14,3.42,30.55,8.73,0.41,13.11,101.87,1074.32,7.62,64.61,37.85,40.4,25.04,5.29,5.76,1.15,25.88,1.84,0.41,67.33,71.58,81.89
P149_243,1009.35,150.5,464.55,46.87,4.22,52.03,16.07,0.19,13.8,162.67,1208.26,11.26,52.2,23.15,43.3,33.61,6.11,5.44,2,24.02,1.57,0.2,80.53,53.8,109.88
P150_244,1036.13,75,291.55,53.1,8.25,36.76,13.23,3.01,17.76,108.15,737.95,10.56,38.95,17.54,43.66,44.59,5.12,7.44,1.47,25.23,1.67,0.52,105,83.27,133.52
P153_247,935.59,87.08,322.09,55.81,6.53,63.07,19.23,3.36,22.41,236.23,1685.25,11.74,72.36,30.96,46.9,37.22,6.03,5.45,2.11,21.36,1.61,0.17,86.51,45.88,88.64
P154_248,1519.63,126.63,577.59,52.16,5.17,53.96,17.73,1.55,12.06,177.77,994.42,11.65,57.77,27.22,46.88,26.08,8.17,6.96,2.22,23,1.52,0.36,66.07,39.21,89.12
P156_250,1086.98,76.01,311.9,59.79,4.39,36.38,12.34,1.36,14.87,168.7,1069.26,6.73,45.03,23.33,39.85,32.05,5.6,7.73,1.04,22.76,3.46,0.34,93.04,87.9,164.3
P159_253,1900.35,74.12,342.95,64.58,7.16,70.21,18.42,0.27,26.34,323.64,1342.6,10.45,47.75,16.55,42.57,37.4,5.22,5.43,1.32,25.09,1.4,0.24,62.06,49.44,95.88
P160_254,626.46,89.41,291.47,37.5,4.46,37.51,12.03,0.38,11.21,91.14,718.54,5.31,45.79,34.98,30.08,22.24,4.13,5.5,1.06,23.69,4.09,0.47,98.33,121.15,156.58
P161_255,1887.11,149.26,465.95,95.12,5.88,75.46,19.49,2.25,18.26,208.38,1624.85,7.84,54.4,48.97,43.08,36.82,4.82,6.07,1.87,19.69,1.22,0.26,69.35,40.41,81.41
P162_256,1028.73,123.22,377.03,83.9,7.16,75.77,16.44,0.76,23.76,176.11,1449.41,9.67,64.75,36.81,42.59,34.54,4.48,4.36,1.42,21.59,0.81,0.08,51.03,29.99,64.86
P164_258,517.7,46.61,139.6,36.32,3.31,23.89,10.69,0.77,6.19,61.1,492.54,9.85,41.84,31.86,38.45,57.83,9.96,7.54,1.14,21.44,2.86,0.49,76.76,53.42,105.62
P166_260,840.99,118.02,361.41,77.95,5.09,64.6,18.12,1.26,18.93,265.3,1587.69,9.46,67.13,45.12,42.15,32.83,6.7,9.2,1.43,22.91,1.07,0.33,61.47,34.8,79.82
P167_261,484.97,99.7,381.32,73.25,7.72,78.38,19.77,7.39,15.18,210.38,1600.83,10.69,43.16,24.92,44.34,36.02,6.05,7.76,1.24,18.01,1.28,0.11,67.85,38.71,76.36
P168_262,802.1,51.1,219.28,37.27,3.69,54.93,14.48,0.14,7.17,131.16,1028.94,8.67,38.71,16.76,36.22,26.6,5.38,5.61,1.05,27.56,1.79,0.56,78.58,55.25,121.26
P169_263,1017.8,118.23,468.75,73.75,5.93,75.71,24.7,0.62,12.13,270.63,1512.25,11.27,59.51,38.63,46.39,41.03,5.77,6.87,1.84,17.69,0.87,0.31,65.09,42.83,83.58
P170_264,1062.83,217.1,542.27,65.18,5.7,72.12,16.28,2.99,11.82,143.09,1432.1,8.65,32.52,11.11,43.27,25.06,4.75,10.08,0.89,20.04,1.63,0.19,70.48,42.65,95.63
P171_265,612.52,138.82,407.77,62.58,7.38,57.15,22.79,3.18,14.04,93.15,990.74,8.47,44.37,21.99,32.36,38.12,5.29,4.59,1.29,25.18,1.67,0.49,83.58,53.5,126.9
P175_269,623.93,65.79,208.79,41.99,3.71,39.61,11.74,0.57,6.2,120.06,859.81,10.08,61.23,34.9,45.77,44.38,6.58,11.56,0.99,30.05,3.42,0.63,117.77,93.36,116.01
P177_271,1028.84,87.22,305.7,58,4.98,58.56,17.31,3.16,27.82,159,1362.43,9.19,47.68,26.42,42.24,28.3,5.45,6.13,0.86,15.56,2.37,0.63,110.53,72.73,159.86
P178_272,616.05,62.34,182.66,34.14,3.76,31.89,7.86,1.84,5.27,92.86,675.31,9.35,56.73,48.6,41.6,26.52,6.58,7.33,0.83,23.6,2.71,0.6,123.77,88.57,128.06
P179_273,673.56,88.16,389.64,43.59,4.02,53.7,13.3,0.29,16.01,127.45,884.42,15.97,63.18,26.9,53.63,26.87,7.2,9.63,1.47,20.06,1.97,0.44,102.88,46.85,117.66
P180_274,776.9,107.47,354.82,39.3,3.77,47.51,12.2,1.12,7.14,150.88,914.92,8.99,56.96,28.11,42.7,28.01,6.16,7.91,0.64,26.22,3.15,0.29,119.07,132.48,156.54
P181_275,941.55,140.64,424.29,87.7,7.3,76.68,26.22,1.05,25.65,239.11,1112.17,9.29,41.95,12.92,33.96,33.24,3.58,4.05,1.62,15.12,0.37,0.18,38.18,17.62,71.97
P182_276,428.41,220.88,628.55,79.71,11.6,98.04,42.89,0.63,41.77,598.84,2209.32,5.5,27.07,26.37,22.9,21.95,3.43,4.95,0.44,10.15,0.2,0.07,30.67,22.44,64.86
P183_277,558.59,164.08,430.18,78.9,10.3,61.45,30,4.21,25.61,207.44,1248.09,10.27,44.46,21.03,43.82,37.53,6.42,8.55,2.46,13.56,0.35,0.37,38.17,18.71,72.49
P184_278,584.32,193.92,521.09,89.29,10.93,62.08,32.75,0.3,27.65,148.77,1082.19,8.17,33.43,16.63,29.49,26.76,5.76,5.2,2.16,8.61,0.33,0.03,24.99,21.3,60.8
P185_279,1086.42,193.08,523.32,81.13,9.39,83.86,34.5,2.71,17.02,239.9,1489.04,8.16,43.88,29.1,37.78,30.61,4.57,8,1.98,13.02,0.26,0.15,36.4,19.63,66.42
P186_280,378.54,172.72,415.82,81.15,9.95,81.15,27.58,0.56,33.82,232.2,841.15,6.9,35.92,34.29,37.2,37.38,5.11,9.05,1.3,14.55,0.44,0.09,36.82,21.65,69.3
P187_281,521.42,101.45,273.71,105.03,7.59,58.84,22.14,1.64,23.86,109.06,653.55,11,52.36,37.43,42.81,43.65,5.85,6.65,2.09,16.36,0.46,0.21,37.64,20.66,75.7
P188_282,551.15,97.73,248.16,79.26,6.26,52.69,20.08,0.36,10.87,110.31,706.53,16.08,71.85,42.92,53.8,43.67,8.39,7.44,2.39,13.59,0.38,0.17,30.05,17.35,55.17
P189_283,524.27,177.01,416.61,94.13,18.67,76.04,31.72,0.33,28.32,253.45,1172.98,9.16,44.67,36.06,38.51,43.16,6.23,10.54,2.02,9.32,0.39,0.03,28.96,21.03,61.46
P190_284,764.85,225.36,576.78,111.38,9.56,87.32,31.36,0.13,21.79,149.52,1272.87,8.61,45.66,29.89,46.58,30.01,4.63,7.3,2.16,15.26,0.38,0.24,39.07,23.3,71.86
P191_285,0.14,1.41,12.29,0.48,1.37,1.75,2.97,0,0.08,1.24,15.95,20.72,63.78,37.2,54.37,54.4,8.82,15.36,2.13,21.75,2.73,0.62,230.85,81.2,195.62
P193_287,3.04,0.49,13.12,0.43,0.4,3.76,2.7,0.03,0.16,5.31,50.36,14.4,21.89,25.37,19.95,34.17,6.95,4.55,1.77,31.47,2.09,0.15,185.53,124.97,265.71
P194_288,7.98,0.12,12.28,0.52,0.2,0.75,1.02,0.08,0.03,4.75,21.14,24.25,32.44,53.65,31.31,91.61,12.64,2.05,3.19,20.09,0.96,0.38,74.58,16.7,95.8
P195_289,1.87,0.2,15.31,0.09,0.68,0.73,2.02,0,0,1.46,4.1,33.18,32.42,46.17,38.95,48.41,9.27,16.87,2.36,33.63,1.98,0.62,229.2,37,638.34
P197_291,7.73,0.36,18.3,0.11,0.63,1.76,1.54,0.44,0.07,3.97,27.74,31.26,15.36,40.82,26.93,54.58,7.29,6.07,1.57,14.02,0.44,0.16,31.41,16.34,63.98
P198_292,0.5,0.49,8.1,0.34,0.43,2.66,3.55,0.06,0.21,4.66,34.26,21.33,58.31,17.14,40.35,34.11,7.06,5.55,1.94,18.72,4.14,0.98,175.18,128.11,223.67
P199_293,0.29,1.84,18.52,0.53,0.35,8.91,4.28,0.04,0.03,11.74,61.4,19.93,59.46,32.43,57.27,49.31,7.02,13.32,3.3,24.97,2.57,0.73,156.57,60.4,227.21
P200_294,0.96,1.42,25.61,0.23,0.32,3.28,2.55,0.44,0.13,14.86,88.01,12.15,34.22,15.7,41.95,76.41,10.6,3.25,1.62,27.41,0.65,0.11,47.25,11.32,43.88
P202_296,0.7,1.47,21.39,0.34,0.4,5.43,5.04,0.06,0.1,9.46,83.03,11.95,46.76,26.78,36.77,42.34,6.32,5.97,1.16,33.51,4.23,1.32,186.36,72.59,257.05
P079_045,24.76,37.69,75.13,445.07,31.48,43.89,31.87,2.35,25.05,65.46,570.71,1.25,14.91,12.78,11.91,7.58,1.2,2.38,0,22.76,6.54,0.5,177.57,113.48,278.68
P088_144,0.39,0.91,6.97,0.27,0.37,3.04,1.88,0.12,0.04,19.02,65.96,6.82,32.21,15.76,22.5,21.19,2.99,4.78,0.78,20.2,3.42,0.67,211.88,135.63,489.98
P089_101,2.41,1.34,22.67,2.71,1.33,39.11,8.54,0.14,0.7,156.79,892.7,6.27,17.47,9.25,12.4,16.75,1.65,2.47,0.48,27.52,2.61,0.42,186.96,77.75,139.24
P091_021,21.27,6.84,16.14,8.83,1.24,15.93,10.06,0,1.5,19.55,73.34,26.45,49.43,47.24,63.42,46.43,5.72,6.56,4.09,29.08,3.28,0.22,190.32,80.38,201.42
P092_020,11.95,5.17,9.75,8.61,1,11.98,6.65,0.07,1.52,41.42,163.68,23.63,88.54,87.81,84.75,49.25,7.46,14.36,2.4,38.03,4.05,0.39,182.41,87.19,221.53
P094_031,6.63,1.79,12.92,3.97,1.31,13.54,8.46,0.49,0.66,43.4,191.37,19.19,49.33,37.37,43.65,34.62,3.46,8.23,1.25,32.3,6.87,0.31,194.89,89.86,315.19
P099_019,32.74,17.04,35.5,27.63,3.8,20.85,16.74,0.1,1.38,25.66,91.31,14.12,72.8,63.45,66.8,37.01,5.72,6.18,1.82,36.86,4.51,0.77,183.36,78.61,180.64
P106_156,6.08,2.03,12.68,1.3,0.56,6.02,5.4,0.11,0.73,15.46,132.8,19.36,57.87,22.79,60.5,48.47,11.83,6.56,2.23,18.52,2.5,0.23,118.09,58.99,174.24
P110_079,0.16,0.87,3.37,0.46,0.23,3.25,2.39,0.04,0.07,10.96,42.9,5.68,20.23,11.14,18.99,15.63,1.95,4.11,0.42,24.19,5.19,0.35,427,205.03,483.36
P114_085,2.53,0.58,10.11,0.44,0.3,6.47,2.67,0.07,0.02,61.45,235.48,14.29,50.54,16.19,42.51,41.58,13.16,2.09,2.35,28.25,2.17,0.23,125.94,70.4,152.24
