"","X.3","X.2","X.1","X","Rnase4","Mdm2","Ang","Xdh","Abca1","Fth1","Bcl2l1","Rnase5","Rnase6","Rnase7","Rnase8","Rnase9","Rnase10","Rnase11"
"1",1,1,1,1,47.38,27.71,91.68,36.87,53.29,60.8,72.9,62.7,51.44,32.29,57.27,53.15,68.14,103.35
"2",2,2,2,2,35.19,21.33,46.2,42.2,67.85,77.57,102.87,31.31,34.55,47.6,68.52,73.75,91.4,54.86
"3",3,3,3,3,35.95,33.97,54.96,51.08,76.46,63.38,79.39,32.41,39.97,41.02,86.22,69.44,70.93,73.42
"4",4,4,4,4,49.51,28.02,112.93,61.65,84.55,61.08,101.18,55.54,92.08,72.28,88.74,64.49,69.49,72.57
"5",5,5,5,5,30.99,20.41,60.33,49.61,55.51,57.7,65.18,34.3,69.17,36.36,74.59,55.67,76.13,48.25
"6",6,6,6,6,43.42,40.23,63.32,85.44,87.5,75.71,78.09,44.39,81.03,31.1,98.04,81.74,64.75,57.08
"7",7,7,7,7,46.74,30.67,42.75,71.38,79.98,77.36,79.06,52.94,62.2,73.28,86.83,86.01,80.35,59.83
"8",8,8,8,8,44.85,42.59,63.95,86.56,88.95,70.52,61.64,34.14,69.34,41.08,96.36,85.33,62.75,72.04
"9",9,9,9,9,50.29,44.11,51.84,75.92,76.39,77.32,67.12,34.12,61.49,47.03,81.59,70.02,105.36,66.58
